Timestamp (steady),Current Tx,Ty,Tz,Rx,Ry,Rz,Expected Tx,Ty.1,Tz.1,Rx.1,Ry.1,Rz.1,Score,RMSE3D
1747315447282,-6.217248937900877e-15,0.0,-8.526512829121202e-14,-1.966077593898055e-17,0.0,2.3504177287422582e-18,0,0,0,0,0,0,100.0,2.361883950617377e-14
1747315447315,-0.0021355930010639734,-0.005850846987172256,-0.025442466543051954,-8.786637746264517e-05,-1.565001597092497e-05,-9.10365311715595e-06,0,0,0,0,0,0,100.0,0.47643242878474545
1747315447382,-0.0026793666540881863,0.008343783739004372,-0.03943153197251304,6.054183131112217e-06,-2.5987997085641368e-05,2.424936543650171e-05,0,0,0,0,0,0,100.0,0.4742663893546218
1747315447415,-0.010392710641613881,-0.0009568144934492762,-0.00015250680543942426,-3.411925097347771e-05,6.918485366158578e-05,8.181031803940232e-06,0,0,0,0,0,0,100.0,0.47397516406525797
1747315447482,-0.015444270182301696,-0.0044293408220620134,-0.036170879746642154,-5.0592772987749824e-05,5.7401273195756275e-05,2.4173353894805307e-05,0,0,0,0,0,0,100.0,0.49917778873727525
1747315447515,-0.0036896155186579966,0.003656888659473973,-0.004697382878709665,-1.7069297831304716e-05,-2.9088239785757253e-05,3.1753814773177777e-06,0,0,0,0,0,0,100.0,0.45407471401768684
1747315447583,-0.002368496730756507,-0.003049726211386884,-0.014775370834667552,-6.61366636013936e-05,-4.4220283908158464e-05,1.5734368552394348e-05,0,0,0,0,0,0,100.0,0.48130473651338473
1747315447616,-0.0005401926702926745,0.011857462021937557,-0.04742732527763122,5.524184869479385e-06,3.7137539041554035e-05,2.0001858960485917e-06,0,0,0,0,0,0,100.0,0.4581752071552194
1747315447682,-0.012832158756715404,0.0009011634883756862,-0.023124901907787064,2.683879525237976e-05,9.850190484694821e-05,2.8515249976860193e-06,0,0,0,0,0,0,100.0,0.4983481346850083
1747315447715,-0.007499259614423658,0.007178308565968677,-0.025939733135274003,2.5237947815604443e-05,1.1533029333321565e-05,2.7934500619514814e-05,0,0,0,0,0,0,100.0,0.4590713531781405
1747315447782,0.0029836286598882013,-0.0009831578932802802,-0.005934721653210432,-9.54175775577636e-06,-2.5063678810610668e-05,6.090626078579567e-06,0,0,0,0,0,0,100.0,0.43464870055907523
1747315447815,0.0020111793919118724,-0.0029558975685196644,-0.018462768015739938,-2.5248152199973164e-05,-6.434011516009974e-06,-2.630780597866117e-05,0,0,0,0,0,0,100.0,0.43598757440365965
1747315447882,0.008953939595020098,0.0012800577599210699,-0.015378312723606097,-7.509736340801802e-05,-2.6337123163688858e-05,-1.934685154243152e-05,0,0,0,0,0,0,100.0,0.5084453711446648
1747315447950,-0.003510649737692672,-0.004689368535898425,-0.007717386034273109,-5.500445518002006e-05,2.21590772506719e-05,-1.2457129759176544e-05,0,0,0,0,0,0,100.0,0.5194149300582686
1747315447983,-0.004127171698669068,-0.004116539850559166,-0.028248028995750928,-3.753847498340561e-05,9.963170977345115e-06,1.0854534983478126e-06,0,0,0,0,0,0,100.0,0.45559928955188783
1747315448016,0.00570823917990135,-0.005615673807518841,0.00605031589670361,-4.971183353569373e-05,-5.051870236361111e-05,-1.7617281066941816e-05,0,0,0,0,0,0,100.0,0.4908112367176294
1747315448083,0.012513639137874026,-0.01116374414301981,-0.00026952824971322677,-3.7715532389189145e-05,-4.4436412740989084e-05,-1.1761174021371625e-05,0,0,0,0,0,0,100.0,0.43902395182672294
1747315448116,0.008910840424245036,0.0007203966175517434,-0.019826925618674603,-3.919171521002407e-05,-3.8031574406405255e-05,-3.017153906184921e-05,0,0,0,0,0,0,100.0,0.5079109456472617
1747315448183,-0.008963402144650436,0.0020202077578253745,0.000179943909264602,-2.9196496913092437e-05,3.029136828369694e-05,3.3937087401308058e-06,0,0,0,0,0,0,100.0,0.4910845839097712
1747315448216,-0.0005710530809716883,0.011560600567179783,-0.03350176660224348,-1.8127252437465968e-05,5.6406914618722936e-05,-3.475053546363059e-05,0,0,0,0,0,0,100.0,0.4474186466672321
1747315448283,0.0026830249189900603,-0.002334978046498166,-0.005110899085899164,-2.329747225723442e-05,-1.365150626653211e-05,3.4333296036282525e-06,0,0,0,0,0,0,100.0,0.46061444730762857
1747315448350,0.0011571363685779885,-0.005270798111012987,0.0017994514261604909,-4.425306800280877e-05,-3.735368880164458e-05,1.7471491076453765e-05,0,0,0,0,0,0,100.0,0.477966954068184
1747315448384,0.004148438633182774,0.008259662592470365,-0.037883158109452295,-4.6472220904146116e-05,-2.6268576246879505e-05,-1.3666413223362314e-05,0,0,0,0,0,0,100.0,0.45334731230533787
1747315448416,-0.012688736645379438,0.003721666804757697,-0.004219676928640104,-3.806099841741214e-05,7.234255000732048e-05,1.7161829558854952e-05,0,0,0,0,0,0,100.0,0.49870722133828416
1747315448483,0.004528197641000253,-0.0030869088979586573,-0.0009718339252649616,-5.883718130400574e-05,-4.091452588084188e-05,-1.3572436384189924e-05,0,0,0,0,0,0,100.0,0.4915619712277936
1747315448550,-0.00021975831255653932,-0.006959308338842814,-0.02132600420664552,-3.120812119022442e-05,3.0494652655255194e-05,-8.450427321591808e-06,0,0,0,0,0,0,100.0,0.43987046256912116
1747315448583,0.009544873069267957,-0.0010893940187841843,-0.013637076349500366,-3.794852074219574e-05,-3.076835964543889e-05,-2.386302414292473e-05,0,0,0,0,0,0,100.0,0.436804289959907
1747315448650,0.0038263846346601833,0.00846730414891574,-0.031199662062556602,2.165285586174836e-06,-1.4650713451525021e-05,-6.450977268151231e-06,0,0,0,0,0,0,100.0,0.4590173391196401
1747315448683,-0.007963461980948328,0.006790068196918429,-0.018549017826096716,-2.715248376329296e-05,2.8084426966890064e-05,1.1977847111504272e-05,0,0,0,0,0,0,100.0,0.5106925277836508
1747315448750,0.0012549689812620078,0.0016354609236496824,-0.012415727955609012,-4.545049600511924e-05,-2.3040555888309555e-05,-1.3874280176260098e-06,0,0,0,0,0,0,100.0,0.4701102160534415
1747315448783,-0.0027169573332050485,-0.012304458655823918,-0.005516219519546708,-6.94394112741089e-05,2.9000085466579506e-05,-2.9765134120490786e-05,0,0,0,0,0,0,100.0,0.4885884169455869
1747315448850,-0.0006597981966523193,-0.006014694150599615,-0.010120144457681352,-7.39519510825948e-05,-4.335744025385502e-05,1.591735921429999e-05,0,0,0,0,0,0,100.0,0.4726423418520235
1747315448883,0.008466047755150537,0.004158884254179433,-0.021491454649221805,-4.436370377195293e-05,-6.916379621113578e-05,-8.230190918824282e-06,0,0,0,0,0,0,100.0,0.5145566613899447
1747315448950,-0.006595576665139023,-0.00407762314439724,-0.023099998732172226,-5.528544274380773e-06,3.09672900873359e-05,3.299776078024513e-06,0,0,0,0,0,0,100.0,0.4497601953330344
1747315448984,0.010553663055567382,0.007015369804448532,-0.01197709058231654,-2.1118107455745775e-05,-4.281312206910748e-05,-3.671767168803631e-05,0,0,0,0,0,0,100.0,0.5016314756470845
1747315449050,-0.00162337510681782,-0.004670040054302804,0.00941926460407926,-2.6485020351114916e-05,-9.44081032727695e-06,1.3369030899845728e-05,0,0,0,0,0,0,100.0,0.4737229880050115
1747315449084,-0.0005545498526765185,-0.005971816655527645,-0.01944242080177947,-3.1636064913825285e-05,-4.467783704842354e-05,2.0589772743319473e-05,0,0,0,0,0,0,100.0,0.4312873524978679
1747315449150,0.003554368514524247,0.005083293369708543,-0.030531934188405805,-3.778411409069584e-05,-2.7960896271883584e-05,-2.4824253642075826e-05,0,0,0,0,0,0,100.0,0.48838126241848356
1747315449184,-0.006048132658490175,-0.016750674406898005,-0.0275513593061066,-6.407126621822248e-05,4.455204235798149e-05,1.6289833037758857e-06,0,0,0,0,0,0,100.0,0.4631692870576697
1747315449250,0.004952564813424589,0.002286784134763877,-0.02266622608353292,-4.959503702590651e-06,-1.532927759284597e-05,-1.0382454209713711e-05,0,0,0,0,0,0,100.0,0.4642673410263673
1747315449317,-0.0027518914209343566,0.0062028098061597155,-0.014628560712883138,-1.8719707127688027e-05,-2.4383620741641465e-05,1.415701667131426e-05,0,0,0,0,0,0,100.0,0.4283096543740638
1747315449350,-0.005588847069716481,-0.0060898324955993895,-0.007455022157136835,-2.8231903103744695e-05,-1.3277251355692243e-05,2.474971174930718e-05,0,0,0,0,0,0,100.0,0.4389170551525023
1747315449384,0.0026420046427026917,0.0006133428144775343,-0.041614308642878566,-3.3241435013430696e-05,1.7102728375739673e-06,4.371983929706517e-06,0,0,0,0,0,0,100.0,0.4553889524550326
1747315449450,0.0037862950655122556,0.001110616400835265,-0.00937800047500998,-1.55853188098364e-05,-7.914555219867836e-06,-2.6041221899223792e-05,0,0,0,0,0,0,100.0,0.48709698777281724
1747315449484,-0.0005485309368576995,-0.0025620251523529635,0.001102100314548054,-2.0686791685237242e-05,8.66973107815916e-06,-1.4497831271127745e-05,0,0,0,0,0,0,100.0,0.4775817392031254
1747315449551,-0.002052322613811143,-0.004838259045285315,0.005406354276195549,-2.8863557890635827e-05,1.1048283109049706e-05,-1.791672295600367e-06,0,0,0,0,0,0,100.0,0.4819903689695235
1747315449584,0.002102358961565894,-0.0026998861174130544,-0.007801637527766367,-1.429960805467554e-06,1.8392186595939108e-07,-6.574860501321853e-06,0,0,0,0,0,0,100.0,0.44858470613210977
1747315449651,0.0020460877972668908,-0.002869971516886308,-0.023321290722530547,-2.931216414031791e-05,6.904712536170976e-06,-1.9524743405335156e-05,0,0,0,0,0,0,100.0,0.46542279607091985
1747315449684,-0.0007894446700756462,-0.006303733160879311,-0.012594289791516335,-7.856304225203884e-05,1.8330537097099864e-05,-9.137006195422956e-06,0,0,0,0,0,0,100.0,0.4962768798982348
1747315449751,-0.0037512730561362834,0.0022667021741994116,0.010178394175043608,-1.76038635853813e-05,-2.1325481784240097e-05,2.1399345775542337e-05,0,0,0,0,0,0,100.0,0.5026942061517662
1747315449784,0.004099388238563155,-0.00029023600790967506,-0.0026783112862857894,-1.5180263187792739e-05,-3.843950666149176e-05,-5.895943043593267e-06,0,0,0,0,0,0,100.0,0.4630324403613358
1747315449851,0.0005124348336497315,-0.00019277976184360203,-0.014086559803219626,1.688357199155149e-05,-2.4938577311672816e-05,1.6348720413248167e-06,0,0,0,0,0,0,100.0,0.46904709844776754
1747315449884,0.002424029722099594,0.005184411555283831,-0.04032987309752547,-9.565620016544307e-06,-1.0804351634474685e-05,1.281572233117371e-05,0,0,0,0,0,0,100.0,0.4717267425827678
1747315449951,-0.0074068035872559106,0.008308587314791603,-0.032924587387922005,-9.515172275934638e-06,2.491788427705366e-05,2.9933011933691757e-06,0,0,0,0,0,0,100.0,0.45870654699476293
1747315449984,0.009573486088857584,0.005831643770140215,-0.026742653347965602,-3.687529693731721e-05,-4.425497445925686e-05,-3.29869942442516e-05,0,0,0,0,0,0,100.0,0.4660660233336487
1747315450051,0.0010670977258529493,-0.004358652228995708,-0.006114390256768801,-3.8346837712385566e-05,1.1256161000172682e-05,-1.7724281973814288e-05,0,0,0,0,0,0,100.0,0.48227745281087936
1747315450118,-0.0014284715915991193,-0.00539954333842823,-0.007694952246064379,-6.161787587870133e-05,-7.36251510469188e-06,9.535688281915856e-06,0,0,0,0,0,0,100.0,0.4843785291847688
1747315450151,0.005390012350115168,0.004724202752992461,-0.009521803949424474,-5.865678302094759e-05,-3.8714646458881674e-05,6.971547902543524e-06,0,0,0,0,0,0,100.0,0.4977234350844767
1747315450185,-0.00309437968634247,-0.012098505976459758,-0.027152587094757152,-4.3475350255642455e-05,3.108568758602992e-05,-3.580287032625234e-06,0,0,0,0,0,0,100.0,0.44513988181163405
1747315450251,0.005475412006753224,-0.0049317389055356575,-0.016506517598841922,-5.419628614231329e-05,-4.169910939877397e-06,-4.9151907512112635e-05,0,0,0,0,0,0,100.0,0.48050708105815526
1747315450285,-0.006833158795646975,-0.0009782592013048617,-0.01944262830205918,-7.454272547473746e-06,3.927303160122797e-05,-1.2469297904758474e-05,0,0,0,0,0,0,100.0,0.4493370631075549
1747315450351,-0.0030451599653794556,-0.009162557960520793,0.009273787635894792,-5.9417319012001755e-05,-2.13127236508015e-05,3.695853989134701e-05,0,0,0,0,0,0,100.0,0.4806550038204621
1747315450418,0.006543563720910238,-0.007994702792431014,-0.016851768251818996,-5.594460739662286e-05,-3.926697339284857e-05,-1.576847358171611e-05,0,0,0,0,0,0,100.0,0.4659178155360633
1747315450452,-0.0052823379399169,0.009374693469232228,-0.0367393787458746,-5.338960260487707e-06,4.807065109257991e-05,4.1349720858359763e-07,0,0,0,0,0,0,100.0,0.4487996095490889
1747315450519,-0.002823908204945842,0.008400601165873696,-0.02123765431855982,1.831367557924661e-05,4.393435952221303e-05,-5.319513157620239e-06,0,0,0,0,0,0,100.0,0.4500780084867585
1747315450552,0.006655967224886173,0.002409325798913765,-0.011493965039681,-4.338923800094194e-05,-4.47947261901227e-05,-3.344724948685539e-05,0,0,0,0,0,0,100.0,0.49759483462158227
1747315450618,-0.0020260777449733376,0.0013936387980808015,-0.020457724439471664,-5.352359394986451e-05,1.1426534092251472e-06,1.567882149562936e-05,0,0,0,0,0,0,100.0,0.4603193170154208
1747315450652,0.00966177574892564,0.004128698045754055,-0.020975649816601154,-4.8387463211163514e-05,-3.595861949534651e-05,-1.3200092694569396e-05,0,0,0,0,0,0,100.0,0.5031912330392765
1747315450718,-0.002879967308171239,-0.001936209708658154,-0.016275156578562936,-5.532198253137097e-05,6.624671801125359e-06,6.92034659586439e-07,0,0,0,0,0,0,100.0,0.5084191291985322
1747315450752,-0.0064117970148693405,-0.005395198624511465,-0.005426964466729603,-2.8778710439717256e-05,4.7144455428860255e-05,-1.2890534663997883e-05,0,0,0,0,0,0,100.0,0.47593163202753236
1747315450819,0.0008206888514083816,-0.003933130547610007,-0.007541399068483858,-6.417017709570571e-05,-1.648138923759923e-05,8.480854123686248e-06,0,0,0,0,0,0,100.0,0.4894450614448934
1747315450852,-0.00189646251564692,0.0002777303175116116,-0.011628672004708917,-3.464345915352359e-05,-5.529184407215837e-06,1.3009877833996554e-05,0,0,0,0,0,0,100.0,0.49495491782719725
1747315450919,0.009343622709325069,0.001473914567231815,-0.025589461739110093,-6.885248029491304e-05,-6.206237095995881e-05,-3.0107604541836253e-05,0,0,0,0,0,0,100.0,0.49971087821942933
1747315450952,-0.0024939786487497215,0.0059392100948200514,-0.011742816399364683,-1.130503524170297e-05,2.1194288350789847e-05,-3.100475881139394e-05,0,0,0,0,0,0,100.0,0.5500250976220336
1747315451019,-0.005341028567971427,-0.001167972868296056,-0.009262599508571823,1.3988952721702086e-05,2.7409492082242082e-05,1.357670543976029e-05,0,0,0,0,0,0,100.0,0.44030051001910514
1747315451052,-0.003912589520914984,0.004365947678875349,-0.0208754565591518,-3.5980031110456494e-05,4.733242023946538e-05,-1.8460728150548303e-05,0,0,0,0,0,0,100.0,0.4800931064718004
1747315451119,-0.006614271797189269,-0.0054941708797178225,-0.008808170178460277,1.8924482598735744e-06,-9.881050901938693e-06,2.7740249565361705e-05,0,0,0,0,0,0,100.0,0.4653764682850997
1747315451186,0.009930607562556752,-0.004675273538829391,-0.0320924408081576,-1.3201303904121497e-05,-5.7424040616149696e-05,-5.62888577166331e-06,0,0,0,0,0,0,100.0,0.4737738504692276
1747315451219,0.0020395518982511546,0.010220493724889075,-0.03133112070212323,-5.958643652442628e-05,1.0447803993729465e-05,-2.7468407977530565e-05,0,0,0,0,0,0,100.0,0.512550408492267
1747315451253,-0.00046202447273661885,0.004727802817797931,-0.025071445627368377,-3.703835632313659e-05,1.385590866442854e-05,-1.6444181113610194e-05,0,0,0,0,0,0,100.0,0.47492522780843
1747315451319,0.0007949307658081126,0.0018939784468631718,-0.012145410708258524,-5.461426300516429e-05,3.4678697037326955e-05,-4.255536484476925e-06,0,0,0,0,0,0,100.0,0.5038764518350587
1747315451353,0.0005336451474124983,-0.001103119925647287,-0.011130517281174788,-6.393927868268e-05,-2.3473873942414514e-05,8.544514378473156e-06,0,0,0,0,0,0,100.0,0.47361272089886153
1747315451419,0.00806692700061552,-0.002537502515988202,-0.008521807675775508,-4.053461381913937e-05,-5.3278255030431154e-05,-4.763893011207785e-06,0,0,0,0,0,0,100.0,0.45324767072647565
1747315451453,-0.008962934669613823,0.003824344890976312,-0.022407066901826964,-3.30657168780492e-05,5.577584084681675e-05,-7.403020461532359e-06,0,0,0,0,0,0,100.0,0.49091537288555204
1747315451519,0.0033489139495228156,0.004516157417142975,-0.007817048411727232,-4.0359911277719664e-05,-5.1580422617103494e-05,-6.700670526279269e-06,0,0,0,0,0,0,100.0,0.5105480336425122
1747315451553,0.004310434566935183,-0.00955026673328067,-0.009731651291682505,-4.606759282478586e-05,-8.02706566482847e-06,-2.4856796473137776e-05,0,0,0,0,0,0,100.0,0.487074433546666
1747315451620,0.005268360915612811,-0.015512593649483413,-0.021528769800865145,-5.3335030824905735e-05,-3.473598083036933e-05,-2.2314941350968513e-05,0,0,0,0,0,0,100.0,0.44918354122601983
1747315451653,0.0059298543588670784,-0.0005791476859227224,-0.023757605173389994,-5.488215066632857e-05,-3.737246773405367e-05,-1.0027205720145197e-05,0,0,0,0,0,0,100.0,0.4678017040956116
1747315451719,-0.003563946292097498,0.01573346725996335,-0.046233797526638,1.1916861349935798e-05,2.158717701372659e-05,7.711204229203722e-06,0,0,0,0,0,0,100.0,0.4560932658203514
1747315451786,-0.0002326542692239765,0.008042410246865573,-0.035853429953221,-4.343456479265876e-05,2.18666145759272e-05,-7.551322782380139e-06,0,0,0,0,0,0,100.0,0.4653705522706074
1747315451820,-0.001209755357991933,0.005265412907211618,-0.030825077894256016,3.5704865997726136e-06,1.3690320563863878e-05,2.7746469124837723e-06,0,0,0,0,0,0,100.0,0.4536248620836195
1747315451886,0.0005658715844421977,-0.005961575351524259,-0.01864464310504403,-5.292084007671375e-05,2.9746487558268697e-05,-1.8258919947495474e-05,0,0,0,0,0,0,100.0,0.4761755382773743
1747315451920,0.005732632683714496,0.0013392605320471443,-0.011729905180793176,-3.864881234770125e-05,-6.16122604635283e-05,8.74178770111752e-06,0,0,0,0,0,0,100.0,0.47469474949779267
1747315451953,0.012653389413156456,0.00404427032115607,-0.039286357172504394,-6.756832730567806e-05,-2.6717744634696672e-05,-3.4417550631473644e-05,0,0,0,0,0,0,100.0,0.5190193749647158
1747315452020,-0.004525050576454838,0.0005048793562972523,-0.029866089426884176,-5.368373012579131e-05,3.644273280412058e-05,5.613375904570629e-06,0,0,0,0,0,0,100.0,0.47981259596074594
1747315452053,0.004614575973894201,-0.009373940257591551,-0.015139249837594624,-2.6511682890703807e-05,-1.087610139127726e-05,-1.4658123621488083e-05,0,0,0,0,0,0,100.0,0.4569302819867584
1747315452120,-0.00825122006737662,0.0026787624980649893,-0.01335442773643284,-4.160348872585975e-05,-1.373750685940145e-05,4.255148879917542e-05,0,0,0,0,0,0,100.0,0.49338938294033946
1747315452154,0.004597351649395866,0.007567965540102726,-0.016189817677291763,-2.102462000566906e-05,-8.059404370275303e-05,-8.625242147589201e-07,0,0,0,0,0,0,100.0,0.48332373009630497
1747315452220,0.010698861198835969,-0.008701435909549771,-0.02646130048087051,-1.854068042662987e-05,-5.593624036270839e-05,-1.0675232305916527e-05,0,0,0,0,0,0,100.0,0.4486778887966632
1747315452254,-0.003340636750399021,0.008795307645496433,-0.03791077782329625,3.913955260953453e-06,2.5771271697561104e-05,1.8434379770660432e-06,0,0,0,0,0,0,100.0,0.4372771439228765
1747315452320,0.0039022687894369992,-0.00021045219580545922,-0.015845879644908634,-6.581179278140118e-05,-2.8970780181492017e-06,-3.103866639316492e-05,0,0,0,0,0,0,100.0,0.4956690386083173
1747315452353,0.0040445073813551195,-0.0028143694580916472,-0.009937125500698092,-3.637064846497966e-05,2.3602719443349685e-05,-1.5741417753955554e-05,0,10,0,0,0,0,100.0,0.48846398376512573
1747315452420,0.002088798467152485,-0.0058294118464783905,-0.017723618804154666,-2.119910619608481e-05,-4.465013425458686e-05,3.121303702225051e-05,0,10,0,0,0,0,100.0,0.4364458619340191
1747315452454,0.005294691652796249,0.006400759076370641,-0.027269920453962426,-1.7306805619082437e-06,-2.8075369620683688e-05,2.8554215139699466e-06,0,10,0,0,0,0,100.0,0.4466443836901639
1747315452520,0.0018363169679354767,-5.834394312844595e-05,-0.009759572415346996,-4.603129014344542e-05,2.445792892213916e-06,-1.1149483871949024e-05,0,10,0,0,0,0,100.0,0.45034874048930773
1747315452554,0.004126230509674589,0.00727540319549542,-0.04106846725315767,-7.875533941322081e-06,-3.148333156466343e-05,1.2714546761928788e-05,0,10,0,0,0,0,100.0,0.4645768762921212
1747315452620,-0.004876979069865792,0.0002707954792616081,-0.009996806019081173,-4.593141618314555e-05,3.482423006739843e-05,-1.2792813217004738e-05,0,10,0,0,0,0,100.0,0.4450238677003264
1747315452654,-0.0009799343876384574,0.0014744755365242183,-0.011238417837524847,-5.283441676305868e-05,-3.745329416648957e-05,1.445690294378663e-05,0,10,0,0,0,0,100.0,0.4873230190807858
1747315452720,0.008754065061808846,0.0004276250987324505,-0.0438244981363693,-7.200640984641126e-05,-1.4538083271453672e-05,-2.6418798345429543e-05,0,10,0,0,0,0,100.0,0.4732630257599257
1747315452754,-0.0011390170390747586,-0.007491368636562045,-0.028833674915957105,-1.8373093412534874e-05,1.0230679237110962e-07,-3.6454443726755895e-06,0,10,0,0,0,0,100.0,0.4436250496929977
1747315452821,-0.004838276433742448,0.005855709219713191,-0.04066086204916315,-3.356342471535036e-05,2.8330057180170343e-05,-1.416350737280925e-05,0,10,0,0,0,0,100.0,0.4443432132736428
1747315452854,0.0028560424901886553,0.003777543949498677,-0.01530178824856861,-6.1093566817962705e-06,-4.9809665758626664e-05,5.228171615875167e-06,0,10,0,0,0,0,100.0,0.4555360514880767
1747315452921,0.0071184193992344874,8.371387944749393e-05,-0.013441672289610315,-6.501902847915099e-05,-7.632663229095726e-05,-7.185363109266606e-06,0,10,0,0,0,0,100.0,0.466125647317218
1747315452954,0.012600103615367527,-0.00257978757301835,-0.021958595416604266,-5.476755726166815e-05,-3.9602029184404586e-05,-2.9145556029562338e-05,0,10,0,0,0,0,100.0,0.47725495714460847
1747315453021,-0.013823477076609515,0.008914470595718758,-0.03431842914848377,1.7408175805272894e-05,1.99384756545129e-05,3.9362677769017105e-05,0,10,0,0,0,0,100.0,0.46100582953431685
1747315453054,0.012758680757612925,0.005691731527420798,-0.008976462439092581,2.2524488806086963e-05,-3.0332939284560823e-05,-4.2591399755122924e-05,0,10,0,0,0,0,100.0,0.4402449228768167
1747315453121,0.002216677761987091,0.002307996993583729,-0.02569936576959024,-3.472123202753841e-05,3.524976140978353e-06,-4.997575540719263e-06,0,10,0,0,0,0,100.0,0.49304895992972425
1747315453155,0.009928493612835357,0.0020157122045109423,-0.012317586628373315,-4.477073895421486e-05,-4.641143368244727e-05,-1.1245841573801842e-05,0,10,0,0,0,0,100.0,0.4756099786164195
1747315453221,0.012134923493096163,0.0031525786520977266,-0.03481486357461687,-2.2493296898230755e-05,-6.891861452595904e-05,-1.458007620963588e-05,0,10,0,0,0,0,100.0,0.44468033881839675
1747315453254,-0.0045801341554938665,0.00136474993175812,-0.028029994527639726,-6.545212046142982e-05,9.461072460359432e-06,1.7126153357896032e-05,0,10,0,0,0,0,100.0,0.4806069365793593
1747315453321,-0.007191373915110416,-0.0007407571736274579,-0.024911554178929173,-5.7959264436244256e-05,5.028852699373587e-05,1.3148809307717508e-05,0,10,0,0,0,0,100.0,0.48587577765948514
1747315453354,-0.002400178477681863,-0.0004683382190738743,-0.02937294201393567,-3.613451948879521e-05,4.404806510205361e-06,-9.802091215358113e-06,0,10,0,0,0,0,100.0,0.43894392560580664
1747315453421,-0.006208496099646515,-0.0011744068292445762,-0.02717899396047534,-6.19267231443112e-05,1.44028758695125e-05,1.8144456076304264e-05,0,10,0,0,0,0,100.0,0.4937268690041581
1747315453454,0.0028751501244432633,0.004800812033198576,-0.02778804838100015,-3.252028439036525e-05,-2.1719466998249004e-05,8.359015577840408e-06,0,10,0,0,0,0,100.0,0.4598119524326585
1747315453521,-0.007350004090263484,0.0034003157182683342,-0.03444573367833334,-2.2817679217367024e-05,5.985412209552621e-05,1.6195115364420297e-05,0,10,0,0,0,0,100.0,0.4446727108787614
1747315453555,-0.011262928547511328,0.0005489785763554909,-0.024743965708997354,-5.249019075324277e-05,4.859143562985224e-05,2.0306351823954415e-05,0,10,0,0,0,0,100.0,0.4841802485882651
1747315453621,0.0027873453173395952,-0.002396507115668788,-0.015701937116809624,-6.277681325795762e-05,-1.6070857338457145e-05,-3.06315482972329e-05,0,10,0,0,0,0,100.0,0.5082801697299917
1747315453655,-0.006862235600566554,-0.005433075475586891,-0.01933383083760148,-6.779139082942854e-05,3.9354967708460364e-05,1.590191042788719e-05,0,10,0,0,0,0,100.0,0.4711862473490999
1747315453722,0.006754816542359036,0.0001279426375745475,-0.020171353062756962,-5.6844016431745084e-05,-7.181511150222697e-05,2.1635959928013243e-06,0,10,0,0,0,0,100.0,0.496901859129741
1747315453755,-0.009265751450310996,0.00472853161921655,-0.039604690670252345,-2.1124657618244124e-06,5.106502674756541e-05,2.518983092224277e-05,0,10,0,0,0,0,100.0,0.4630424529765659
1747315453855,0.00025830232172725456,-0.0008729094087172603,-0.03410884077558475,-2.0320965494659986e-05,3.187315986119543e-05,-2.5842719875331492e-05,0,10,0,0,0,0,100.0,0.44006261027491433
1747315453922,-0.006701318590340382,-0.008868487035551344,-0.011717042025611883,-8.028381184049921e-05,2.9493871991359555e-05,8.12271268401782e-06,0,10,0,0,0,0,100.0,0.47839476419880306
1747315453955,0.004291805909132527,-0.00197594595200368,-0.0417963117658464,-3.7758924016864115e-05,-7.753633656681913e-06,-5.001552415185984e-06,0,10,0,0,0,0,100.0,0.45320647315536
1747315454022,-0.006654986277438028,0.004888484805246696,-0.03644072030100504,-6.225430931133217e-05,9.849123527794212e-05,-4.3013078882752086e-05,0,10,0,0,0,0,100.0,0.515338740653347
1747315454055,0.000847709763809527,-0.002257484253074006,-0.012542683608671421,-4.67818407900549e-05,-3.665524572227241e-05,6.425473406340537e-07,0,10,0,0,0,0,100.0,0.48873791353258034
1747315454122,-0.005369515654754792,0.011022354751428978,-0.045745639546548145,-2.9029177145353185e-05,4.147349755534435e-05,4.160421724736229e-06,0,10,0,0,0,0,100.0,0.4523030160330781
1747315454155,-0.0034272774738664646,0.005179745007999988,-0.00851428376218054,9.225996241567832e-06,-2.2116322913490194e-05,1.550858723060734e-05,0,10,0,0,0,0,100.0,0.44014499773107346
1747315454222,0.009959223126675229,-0.0037538515150460907,-0.02233679216534039,-5.745994436903673e-05,-6.006744475883785e-05,-1.7243649431256606e-05,0,10,0,0,0,0,100.0,0.48741176590055013
1747315454255,-0.006071227435888754,0.005915578105419522,-0.03876503654999054,-4.709418724599689e-05,1.1864033091946169e-05,1.1958824402813549e-05,0,10,0,0,0,0,100.0,0.45031036431373284
1747315454322,-0.008066934374074086,0.005434322625939554,-0.0325660833039863,-5.165772712762903e-05,5.822640730968054e-05,-4.127325623333516e-06,0,10,0,0,0,0,100.0,0.4951815568957344
1747315454355,-0.004212431336196642,0.004848078819937189,-0.03967709335184724,1.064607707927668e-05,2.159144713664851e-05,-4.260702852654897e-06,0,10,0,0,0,0,100.0,0.4678989087670402
1747315454422,0.010373670349752425,-0.003086470373730649,-0.006398064476631413,8.764310176570424e-06,-1.4598758203199225e-05,-7.3020204192391955e-06,0,10,0,0,0,0,100.0,0.4618803315416572
1747315454456,0.0017028106938197817,0.005014377689889982,-0.0235419144429846,7.96059830290894e-06,-2.4979944623026995e-05,1.0836799431487489e-05,0,10,0,0,0,0,100.0,0.4471628479836193
1747315454522,-0.0018099014033309377,0.004919816825393655,-0.036324833252978306,-5.659644245662207e-05,1.8794816964984307e-06,-6.018806052571927e-06,0,10,0,0,0,0,100.0,0.463018335575612
1747315454556,-0.008191207775839187,0.002416345890980399,-0.015194522170317906,-5.421379616679981e-05,3.951899996912367e-05,1.4954476480302892e-07,0,10,0,0,0,0,100.0,0.47060020455743756
1747315454622,-0.0028678915367563907,-0.0013275434746932812,-0.027724502700152524,-3.453049424686239e-05,-4.653462421400079e-06,2.1410910375619514e-06,0,10,0,0,0,0,100.0,0.44205040883763086
1747315454689,0.006712085406863549,-0.014846450871392384,-0.014971341301536748,-3.416371329143908e-05,-5.17163960278566e-06,-1.737242021284243e-05,0,10,0,0,0,0,100.0,0.4316458817333493
1747315454723,-0.00028776304430607364,0.005441459534968579,-0.04049960858284294,-7.086505101699245e-05,1.9010481266956702e-05,1.556287755562969e-05,0,10,0,0,0,0,100.0,0.506782131320552
1747315454789,0.0018602429131607712,0.004406421095788853,-0.03244550995081547,-4.827039965913545e-05,2.6270595794963825e-05,-4.878274875946548e-05,0,10,0,0,0,0,100.0,0.4673035412656214
1747315454823,-0.0044926986713085156,0.006673561682956126,-0.01785815986366373,5.813460862733349e-06,1.541331166987625e-05,-4.768177620316465e-06,0,10,0,0,0,0,100.0,0.4451503899290517
1747315454890,0.004607075534422862,0.005871513511242685,-0.037080931075522815,-3.747900051819367e-05,-2.9935778649958777e-05,-2.3534464804757507e-05,0,10,0,0,0,0,100.0,0.46410115798293006
1747315454923,-0.0029840430158052343,0.0005572349538743565,-0.007816025647450087,-5.567215700799469e-06,2.6560125196972706e-06,-3.3217178620150684e-06,0,10,0,0,0,0,100.0,0.4478744585997762
1747315454989,0.004759988902494281,-0.0032138869571866615,-0.03289145453352573,-8.59137970983179e-05,-7.027947203974705e-05,3.009345559842762e-06,0,10,0,0,0,0,100.0,0.47221867496857506
1747315455023,-0.0018760714024373848,0.010038651571819126,-0.040430082178738135,1.0822033497258133e-05,1.8946768408634185e-05,7.841672800969786e-06,0,10,0,0,0,0,100.0,0.4533258269834755
1747315455090,-0.013150705052595196,0.0008551916754506472,-0.016898498398185934,-6.967671969211121e-06,7.302718963453358e-05,1.3837595213569327e-06,0,10,0,0,0,0,100.0,0.43748968703639335
1747315455123,-0.004551666471924855,0.003938216702028907,-0.03932936507503281,-1.5833628535785805e-05,3.118187347039836e-05,6.1364416422743255e-06,0,10,0,0,0,0,100.0,0.45287276887093125
1747315455190,-0.004968856104160262,-0.00868326120689981,-0.005202884602830419,-6.278155411822741e-05,1.3764259879200935e-05,-1.3831194473458574e-06,0,10,0,0,0,0,100.0,0.4944531828906645
1747315455223,0.009336832628134529,-0.0024466582906110257,-0.03516546011231465,-9.141725172788801e-05,-3.927446851781369e-05,-2.6211685320686204e-05,0,10,0,0,0,0,100.0,0.49601567357897647
1747315455290,0.0025512573697719435,0.00014053009618179727,-0.019452528798666935,1.5692042280395798e-06,-9.56501263504883e-06,1.8201928990456232e-06,0,10,0,0,0,0,100.0,0.4521461570394063
1747315455324,0.0006081059612629412,-0.00038222011398339137,-0.012131556334260546,-6.0738547275453986e-05,1.0662015718310158e-05,-2.42603579973864e-05,0,10,0,0,0,0,100.0,0.49323933579123574
1747315455390,-0.004871551354813505,0.0064652298731356335,-0.02711298151374409,-2.4777729218377187e-05,1.6164255056239085e-05,-2.4013978617831094e-05,0,10,0,0,0,0,100.0,0.44341972639613864
1747315455457,-0.005283843508014278,0.002024682676328202,-0.028329442508748342,1.5015314642019478e-05,6.414359781459211e-05,-2.8485866755116902e-06,0,10,0,0,0,0,100.0,0.4874003148116444
1747315455490,-0.0011355145879613337,0.015682377327096986,-0.036005871549947055,-4.061962728474728e-05,-2.4821231466631843e-05,3.079821669097548e-05,0,10,0,0,0,0,100.0,0.5118448898193877
1747315455557,0.0026877101202342647,0.008438494138955688,-0.020458973128571895,-3.0058299641555504e-05,9.11759950761315e-06,-3.4701760805824555e-05,0,10,0,0,0,0,100.0,0.5087829515261787
1747315455590,-0.0060126881895613245,0.010745607911775085,-0.02663710919663875,-7.979805703557057e-06,3.624145098179987e-05,-7.669058486579614e-06,0,10,0,0,0,0,100.0,0.49492611100929523
1747315455657,0.006147487917748553,-0.0022601903889762336,-0.026218257595961216,-3.0097264219644702e-05,1.932869420739891e-06,-1.7624833734821913e-05,0,10,0,0,0,0,100.0,0.4500408951781595
1747315455690,-0.010131035599717978,-0.0022502609384163087,-0.03412902748707531,6.608292616670422e-06,5.31656647089207e-05,2.7895108102585978e-05,0,10,0,0,0,0,100.0,0.49070750685637754
1747315455757,0.009448162212467333,-0.0010651165416283388,-0.02888740524602413,-6.460562475171482e-05,-6.124345084290717e-05,-2.2288488152483368e-05,0,10,0,0,0,0,100.0,0.49638940127678294
1747315455824,0.004819483798040018,0.006114052565675043,-0.03185753600678188,-4.109567403681901e-05,-2.55716681385465e-05,1.168367327134378e-05,0,10,0,0,0,0,100.0,0.5025551015221149
1747315455857,-0.005626754972500937,0.005943982050276814,-0.02828643296727484,-4.717126136113335e-05,1.4265205233510159e-05,4.5111014923766686e-06,0,10,0,0,0,0,100.0,0.4881938388782706
1747315455924,2.697847136473282e-05,0.003655269745397538,-0.026579345160648443,-4.6142950650982284e-05,1.0601054239778307e-05,-6.071130028948397e-06,0,10,0,0,0,0,100.0,0.47791951458781473
1747315455957,-0.003138667152761333,-0.006302708619662892,-0.001654519289029185,-6.0399101243524065e-05,-2.4442393917745164e-05,2.6868146808637523e-05,0,10,0,0,0,0,100.0,0.5003190165256548
1747315455990,0.016148335825844844,0.004008886386351568,-0.038202068523353984,-5.415307125753625e-05,-9.592790161927489e-05,-2.383933750085171e-05,0,10,0,0,0,0,100.0,0.45705166494956356
1747315456057,0.0043836121967501755,0.01144801916463018,-0.03190966010803647,-2.2026836728632214e-05,-1.6837598398433684e-05,-2.547938045041089e-05,0,10,0,0,0,0,100.0,0.5048516731616903
1747315456091,0.040003563842785986,0.05104527714384075,-0.11080842248198855,2.6398875178857214e-05,-0.00015291601297873214,-9.525568734794597e-05,0,10,0,0,0,0,100.0,0.558809972765878
1747315456157,0.07471624642609911,-0.008418853968968888,0.03656276427204366,0.0003299801260878266,-0.0004570016700411461,-0.0001653723848498447,0,10,0,0,0,0,100.0,0.632173872953778
1747315456191,0.157422745329458,-0.014954605972156495,0.18075430844744395,0.000837781773117439,-0.0007911065900436665,-0.0003790811117539396,0,10,0,0,0,0,100.0,0.8061580531765409
1747315456257,0.24889391481891965,-0.09351687746584103,0.24720880761649466,0.0010842966789668083,-0.0011911934297803572,-0.000609359352254908,0,10,0,0,0,0,100.0,1.0415600427581153
1747315456291,0.3445308801495983,-0.12777377436794785,0.31519370428886073,0.0014178615281556183,-0.0017170082329507341,-0.0009052838635667884,0,10,0,0,0,0,100.0,1.3034044690944124
1747315456358,0.3272220021494404,-2.1576841484033955,0.32560432210350854,0.0009715259948174866,-0.0015969202837859964,-0.0009050352773465511,0,10,0,0,0,0,100.0,1.2755782699364118
1747315456391,0.4469107727354401,-2.2652703013707294,0.3604040726158059,0.0010776396833261396,-0.002050665849234523,-0.0013548663494377874,0,10,0,0,0,0,100.0,1.473173716953127
1747315456458,0.33875025909138984,-4.140459673077614,0.28401480348472447,0.0004923124480709326,-0.0017357574279239785,-0.0008757243490635859,0,10,0,0,0,0,100.0,1.3542683572664709
1747315456558,0.36883256036248313,-4.160606745188425,0.22769180552775356,0.0004601841684391298,-0.0017853203888062996,-0.0010739425446554202,0,10,0,0,0,0,100.0,1.427609500590659
1747315456625,0.3522773378772833,-4.17880364049694,0.2263756047171837,0.0003775479178954241,-0.0016839355852444893,-0.0009645905352379581,0,10,0,0,0,0,100.0,1.4241372545563564
1747315456658,0.361111929535007,-4.174631535056109,0.20156590798741442,0.00039908918159528947,-0.0016889941473623438,-0.0010051950791871449,0,10,0,0,0,0,100.0,1.417129512892547
1747315456725,0.3372210957258564,-4.173406509195617,0.21321893238872217,0.0003911106327142313,-0.0015501190040814183,-0.0009355752597331492,0,10,0,0,0,0,100.0,1.4110857620813035
1747315456758,0.36607000757359043,-4.165138072513348,0.18628338640023323,0.000483085009334154,-0.0017133561156015276,-0.0010145901878732962,0,10,0,0,0,0,100.0,1.420054911813599
1747315456825,0.34209408790931767,-4.180259709180014,0.17023868415459129,0.0004092062048227734,-0.001609228874243529,-0.0009283763872536903,0,10,0,0,0,0,100.0,1.4176031969103093
1747315456858,0.3655194095064889,-4.164655657390597,0.15767710799476367,0.0004615120591533748,-0.001629831578187746,-0.0010412764048317131,0,10,0,0,0,0,100.0,1.41350380198547
1747315456925,0.3503287875679815,-4.166382931497151,0.16212950172942003,0.000411482166007745,-0.0015876603999269712,-0.00106197780920314,0,10,0,0,0,0,100.0,1.407076308052652
1747315456958,0.33657484876420557,-4.1636743498124495,0.180072668046518,0.00041101320899997965,-0.0015611082619138017,-0.0009471933580883871,0,10,0,0,0,0,100.0,1.404294811062631
1747315457025,0.3505124253221944,-4.173530550293675,0.1477329219677457,0.00044112034713257863,-0.0016677500252413324,-0.000956380451399904,0,10,0,0,0,0,100.0,1.4032446273637118
1747315457058,0.359943593203318,-4.165584844310401,0.15989537649551677,0.0004590414670343022,-0.0016447730680959616,-0.0009933243349690003,0,10,0,0,0,0,100.0,1.4139755081363035
1747315457125,0.32100676187387334,-4.174724425631548,0.15323116444844936,0.0004285770121930388,-0.0014675874305181136,-0.0009327945408479613,0,10,0,0,0,0,100.0,1.406010871494533
1747315457158,0.32552979873383037,-4.177826590322959,0.14290593083907552,0.0003797209088549147,-0.0015004224864285653,-0.000900355672145743,0,10,0,0,0,0,100.0,1.401045545631955
1747315457225,0.3755823506515747,-4.152777982277258,0.1807136256358894,0.00047129762554752564,-0.001731037998314866,-0.0010635714693471117,0,10,0,0,0,0,100.0,1.4104991401525548
1747315457292,0.3643464765719469,-4.172081416698641,0.14086498148980175,0.00041438680705834023,-0.001677679144592048,-0.0010285466310255185,0,10,0,0,0,0,100.0,1.4053153725168475
1747315457359,0.33553755391958856,-4.163841583027872,0.1564466915400955,0.0004263916177125871,-0.001461408240350126,-0.0009686938472655757,0,10,0,0,0,0,100.0,1.4005119151623708
1747315457392,0.3670689783097983,-4.150250898711625,0.15096969867909554,0.00043522113754518587,-0.001705072826429621,-0.0010821687842839567,0,10,0,0,0,0,100.0,1.4103721021965998
1747315457459,0.3513384372580768,-4.1611486353301785,0.15828856625508383,0.00042560011333105953,-0.001662253062582053,-0.000945698643742692,0,10,0,0,0,0,100.0,1.4018019858170148
1747315457492,0.33093751037270375,-4.160604388235231,0.1566111557487313,0.00041420256450860394,-0.001517580552131026,-0.0009224702161298132,0,10,0,0,0,0,100.0,1.399142157115138
1747315457559,0.3541535146432801,-4.188677727043869,0.14965881693984479,0.00037889265253207414,-0.0016325681312250317,-0.0010451293100236065,0,10,0,0,0,0,100.0,1.405099901548089
1747315457592,0.3262872557486898,-4.168478884853948,0.1555913561719173,0.00041858044101351807,-0.0014666443957092046,-0.000949263364057145,0,10,0,0,0,0,100.0,1.4056288128668084
1747315457660,0.3742953887690373,-4.1747592796551745,0.15478261401034096,0.00041731301156738994,-0.0016507299084780325,-0.001118887161669147,0,10,0,0,0,0,100.0,1.4012350904690922
1747315457692,0.34986574384632285,-4.1801022216584895,0.17317167091164168,0.0004429577452624216,-0.0016654276379639565,-0.0009935360299251179,0,10,0,0,0,0,100.0,1.4077153914581306
1747315457760,0.35858975404292753,-4.172141923172735,0.17863492022058708,0.0004042020262362129,-0.0017647493053909447,-0.0009736428438618572,0,10,0,0,0,0,100.0,1.4045492302755094
1747315457792,0.34121209738710984,-4.1720614128292235,0.1517193500058921,0.00038601029194560707,-0.0016184736390383314,-0.0009809272619789667,0,10,0,0,0,0,100.0,1.4032917639286782
1747315457859,0.36800237270171826,-4.149190022029628,0.19614796925995456,0.0005226688464626518,-0.0016940426349365545,-0.0010590343614779495,0,10,0,0,0,0,100.0,1.412325840414431
1747315457892,0.3597346743712622,-4.156852187930205,0.17438601578343235,0.00045629658895500366,-0.0016335270771721255,-0.0010289294188596044,0,10,0,0,0,0,100.0,1.4087181310925407
1747315457959,0.3346634739063362,-4.169605785575151,0.15591797138472074,0.0003960263958415205,-0.0015655759605797126,-0.0009743762673787553,0,10,0,0,0,0,100.0,1.3943402702400067
1747315457992,0.3545588337301238,-4.155726759437165,0.1765059709423935,0.0004180781483446055,-0.001620060309383442,-0.000988613054053059,0,10,0,0,0,0,100.0,1.3986537670173183
1747315458060,0.3430510598137957,-4.1482450054994295,0.16182986048752837,0.0004590386656577378,-0.001626362493490685,-0.0009371421842028363,0,10,0,0,0,0,100.0,1.3983363884307571
1747315458093,0.3243616015189179,-4.1651170675002165,0.1402492442096947,0.0003779850700684988,-0.001470249089482234,-0.0009148728151551823,0,10,0,0,0,0,100.0,1.3918095352519069
1747315458159,0.3198448477624399,-4.158315075034325,0.15460365187647138,0.00038183801257087393,-0.0015007819751589047,-0.0008425127871220212,0,10,0,0,0,0,100.0,1.389641171626768
1747315458193,0.3533083826901847,-4.154299751001867,0.16832566054538856,0.00044175874498332936,-0.0016425091882517062,-0.0010362894062113338,0,10,0,0,0,0,100.0,1.3890527848515197
1747315458260,0.3294430954997867,-4.1557377322675295,0.1880983033413523,0.0004105617305417198,-0.0015793770918910432,-0.0008844300469148729,0,10,0,0,0,0,100.0,1.3878198331297835
1747315458293,0.328496129993866,-4.170941231309865,0.16543719078662253,0.0004556824685396073,-0.0016017126045297925,-0.0009084118158790165,0,10,0,0,0,0,100.0,1.3862305757972464
1747315458359,0.33439587324368925,-4.157294618433616,0.15841641354385308,0.00043474187199252646,-0.001547204738532315,-0.0009515032723347872,0,10,0,0,0,0,100.0,1.3903585514212178
1747315458393,0.3305238070693899,-4.162445237297638,0.15368722691082562,0.0004193464195740483,-0.0015101315474395083,-0.0009079107375570673,0,10,0,0,0,0,100.0,1.387119967366488
1747315458460,0.33588796580954344,-4.147474408705521,0.17860325571712113,0.00047825118171993165,-0.0015313089932127433,-0.000974584550006349,0,10,0,0,0,0,100.0,1.39031199978033
1747315458493,0.34646939924194703,-4.163205231339829,0.1921838735081588,0.00044735909977288433,-0.00169169874737074,-0.0009803027496204384,0,10,0,0,0,0,100.0,1.3886454110379718
1747315458526,0.3463759234686855,-4.177092177959483,0.1545753558119086,0.0003644371339739825,-0.0015457312420203984,-0.0010655256114961108,0,10,0,0,0,0,100.0,1.3881640075587212
1747315458593,0.33246569252452624,-4.174752623708275,0.16799934666315514,0.0004121718014640275,-0.0015844140643617166,-0.0008947610591271192,0,10,0,0,0,0,100.0,1.3924624030810184
1747315458660,0.31356530744232997,-4.156757098184591,0.1512692277496621,0.0004023768964873999,-0.0013735185744745415,-0.0009143378344409796,0,10,0,0,0,0,100.0,1.3890341564116866
1747315458693,0.3417828895985604,-4.172900033883075,0.14873484061954517,0.0003769103649464377,-0.0015112410239190854,-0.0009922600401145146,0,10,0,0,0,0,100.0,1.3899628453740707
1747315458760,0.34084777717019177,-4.172574091547794,0.1822901784304434,0.00044336787481407856,-0.0015260881394472126,-0.0010212737477383244,0,10,0,0,0,0,100.0,1.3875811883338218
1747315458794,0.3290303528166305,-4.17519251231843,0.16507934920693276,0.00039327065377691274,-0.0015672862081943517,-0.0008667057746460323,0,10,0,0,0,0,100.0,1.3907969996680685
1747315458860,0.339209172123737,-4.163206588672683,0.1463540765270975,0.00037928202849548634,-0.0015289194633143488,-0.0009511740211393232,0,10,0,0,0,0,100.0,1.396525986173341
1747315458912,0.33400172592069444,-4.167569507397057,0.17228891513258576,0.00044025433336864286,-0.0014668813701208538,-0.0010135410331258681,0,10,0,0,0,0,100.0,1.3899772193490048
1747315458960,0.3220909632482555,-4.163973801655999,0.15211380462917132,0.0003755703717397812,-0.001537138985831188,-0.0008929355277181153,0,10,0,0,0,0,100.0,1.3927877603723293
1747315458994,0.3301358788806404,-4.154701541904716,0.18229379290003178,0.00043723225058040806,-0.0015485535939665507,-0.0008844275645533324,0,10,0,0,0,0,100.0,1.3900933503053525
1747315459060,0.3425043785282721,-4.14405219915074,0.17827684489088508,0.0004653867027434065,-0.0016669619249838341,-0.0009501889036828907,0,10,0,0,0,0,100.0,1.3937704400960176
1747315459094,0.34738604849120863,-4.139928977758672,0.16638989851117897,0.0004899501323750703,-0.0015889873727226167,-0.0009657822700997013,0,10,0,0,0,0,100.0,1.393276484970405
1747315459160,0.3271460937696299,-4.149428386055637,0.1793712729840671,0.0004454331947915467,-0.0015210733069792592,-0.0009216556000273583,0,10,0,0,0,0,100.0,1.3937519005373151
1747315459194,0.3625491206100294,-4.132907409736244,0.1829781924352028,0.0005102991437292714,-0.0018228354348412967,-0.000992903821964188,0,10,0,0,0,0,100.0,1.4039213480704584
1747315459260,0.34446483124216526,-4.156971876741252,0.20726734185416004,0.0004580337526005962,-0.001678932741314254,-0.0009234596036432736,0,10,0,0,0,0,100.0,1.3934378532046767
1747315459294,0.35141370324815246,-4.168842388160656,0.1585251717497397,0.0003786631972115636,-0.0016775493759038085,-0.000990465494450853,0,10,0,0,0,0,100.0,1.3949863617367348
1747315459361,0.3291200120314163,-4.17654668607722,0.15171205386974437,0.00038612777132584293,-0.0015013586841343685,-0.0009552927918697055,0,10,0,0,0,0,100.0,1.393190950809804
1747315459427,0.34760154022850553,-4.166633244779796,0.17558765035341586,0.0003911474346114019,-0.0015950689012913521,-0.0009660749823597059,0,10,0,0,0,0,100.0,1.398749758832598
1747315459460,0.35176577770677325,-4.177679614588589,0.15967636854483722,0.0003709780072315049,-0.0016341741228302897,-0.0010075756014776929,0,10,0,0,0,0,100.0,1.3936819900467852
1747315459527,0.37443895834599467,-4.141383844839542,0.19449732540101172,0.0005096720299102122,-0.0019447288773128957,-0.001005206528594011,0,10,0,0,0,0,100.0,1.3916882230265752
1747315459561,0.31694408887709413,-4.149805145922087,0.1494690683154208,0.0004085427293048035,-0.0015354109890692857,-0.0008552121196359861,0,10,0,0,0,0,100.0,1.3857863017502654
1747315459594,0.3248578591546826,-4.152556060143561,0.1573567549849431,0.0004220586145588799,-0.001581744153841269,-0.0008658945860905814,0,10,0,0,0,0,100.0,1.3950168532540244
1747315459661,0.347381876271581,-4.152876990430776,0.16983275448668206,0.00042459616326004026,-0.0015998254536597756,-0.0009193472069383979,0,10,0,0,0,0,100.0,1.3938567124021488
1747315459694,0.3332770542083141,-4.164227162493846,0.1417145762366619,0.00038714680886657175,-0.0014955950182939937,-0.0009095418465218023,0,10,0,0,0,0,100.0,1.3856666163997882
1747315459761,0.36376763360707326,-4.158498261614484,0.20134796252250228,0.0004613522778208879,-0.0019263166261753728,-0.0010016420091185723,0,10,0,0,0,0,100.0,1.3965662691043341
1747315459796,0.34800196145486934,-4.167401972766021,0.16027703156199033,0.000409011582186798,-0.0016024401051699666,-0.0009954891161247173,0,10,0,0,0,0,100.0,1.3870007916039315
1747315459861,0.35113631331537415,-4.169824153349274,0.15249344778961813,0.00039706423930505654,-0.0016809721430701696,-0.0009663659338624325,0,10,0,0,0,0,100.0,1.3945904187488491
1747315459895,0.3217121804882317,-4.1667517897686395,0.15878052769012996,0.00040341041110957074,-0.0014290122256817028,-0.0009213069775144808,0,10,0,0,0,0,100.0,1.3901994130529005
1747315459962,0.34867977495527896,-4.1555469326716015,0.15165282264784727,0.0004155974388372368,-0.0016292663514352324,-0.0009652865512862937,0,10,0,0,0,0,100.0,1.3915931783004227
1747315459995,0.3338221239460721,-4.170235833883041,0.1739173709002237,0.0003798757192699545,-0.0015417726695994283,-0.0009033055738327872,0,10,0,0,0,0,100.0,1.3901913167639468
1747315460061,0.3459263201318041,-4.163820382357914,0.16864326403363575,0.0004178784386816288,-0.0016636923646404789,-0.0009933926205410962,0,10,0,0,0,0,100.0,1.3898395019647467
1747315460095,0.35207203286455874,-4.163149931593125,0.16171920964395511,0.0004404133737332327,-0.0016990108694021622,-0.0009882759303182314,0,10,0,0,0,0,100.0,1.4000680874001732
1747315460162,0.3242840544756533,-4.148719717494998,0.1640299659133019,0.0003760159872750637,-0.0015161174921141107,-0.0009215501559469482,0,10,0,0,0,0,100.0,1.3918706132518612
1747315460228,0.32337171676469756,-4.155651869699862,0.15347614565103426,0.00041952956741350575,-0.0014991261919681254,-0.0009174690523497085,0,10,0,0,0,0,100.0,1.384021243191783
1747315460261,0.3511265908309453,-4.152752084873133,0.18547765044740247,0.000492075682889753,-0.0017030941872420158,-0.0010017124107248765,0,10,0,0,0,0,100.0,1.3994126731427516
1747315460328,0.3533531536152747,-4.159213162222723,0.174812168854815,0.00045827435627594337,-0.0016877377236321767,-0.0009437024319709429,0,10,0,0,0,0,100.0,1.3891819172238835
1747315460361,0.3366518174524034,-4.166322960303131,0.14589908053136225,0.00035135851327519494,-0.0016104843437005911,-0.0009361325121786273,0,10,0,0,0,0,100.0,1.3969698200932785
1747315460429,0.3437235592925378,-4.166775181772089,0.17069047734610895,0.0004497684282731768,-0.0015613562855130159,-0.0009523415280512984,0,10,0,0,0,0,100.0,1.390415183159787
1747315460462,0.333565259308379,-4.146663800788494,0.17477565471251447,0.0004377850295772764,-0.00161595834455186,-0.0009349905989585261,0,10,0,0,0,0,100.0,1.395432851647963
1747315460528,0.32453805727278895,-4.159637734812186,0.17158660126729125,0.00040893362725482354,-0.0014667435125383932,-0.0008872619679947424,0,10,0,0,0,0,100.0,1.394222095623378
1747315460562,0.3359316132285899,-4.1585992398111875,0.17107270180489784,0.0003969486039366376,-0.001578513435031681,-0.0008438678579749318,0,10,0,0,0,0,100.0,1.3893212698464434
1747315460628,0.33288791631658154,-4.1597928566319124,0.15467350660569446,0.00042608331210710395,-0.0015300703295630935,-0.0008892597271949732,0,10,0,0,0,0,100.0,1.3896541437150234
1747315460662,0.3443190918808282,-4.1488301032594554,0.18517540706189195,0.0004671222241265459,-0.0016876636759477481,-0.0009229654310172415,0,10,0,0,0,0,100.0,1.38986286632287
1747315460695,0.3395264459145299,-4.15868956466104,0.1685960894803764,0.00045173716582171163,-0.0015142621602155515,-0.0009536565012618666,0,10,0,0,0,0,100.0,1.3933262530379262
1747315460762,0.360226172221941,-4.169409471028106,0.16653410918837663,0.0004452097665350528,-0.0018142314898017542,-0.0009779056601442503,0,10,0,0,0,0,100.0,1.3906784807956698
1747315460795,0.34030754720664447,-4.169173923639065,0.18922580094921962,0.0004210655692633426,-0.0016081948742132646,-0.0009625632842973171,0,10,0,0,0,0,100.0,1.3930265343577617
1747315460862,0.33508093720246296,-4.166129503809951,0.14744744169796,0.00039144694613131267,-0.0016533878793090206,-0.0008648780952060666,0,10,0,0,0,0,100.0,1.3927662521139546
1747315460929,0.36380440129306374,-4.154465381920258,0.17209988243452468,0.00044382554853454365,-0.0017521063090590872,-0.0010102225475039698,0,10,0,0,0,0,100.0,1.4066722000194605
1747315460962,0.3374621402818748,-4.153799406663381,0.19576879198828417,0.0004612464630985723,-0.0016143504608852055,-0.0009258376138996502,0,10,0,0,0,0,100.0,1.3909078712991936
1747315460996,0.35076575265988963,-4.158380281912585,0.17869514555299545,0.0004385538314851262,-0.001702625410186398,-0.0009826190582881249,0,10,0,0,0,0,100.0,1.3967573981117976
1747315461062,0.3345790002483339,-4.166781532983183,0.18806143596943378,0.00042710677998319713,-0.0016269859533901698,-0.0009317990802370783,0,10,0,0,0,0,100.0,1.3945503681622793
1747315461130,0.34985025020203137,-4.159986807260753,0.14822902470216273,0.00037360959374640865,-0.0016425369750470153,-0.0009748859442697709,0,10,0,0,0,0,100.0,1.3925174823903175
1747315461162,0.3534787323289919,-4.160435921621622,0.1705895000839656,0.0004743840013784545,-0.0015545988936545019,-0.0010437868228479455,0,10,0,0,0,0,100.0,1.395157550620558
1747315461230,0.3504539030210207,-4.1579995476338825,0.17553920781724075,0.00042897454763900065,-0.0016985045317616798,-0.001000952484225857,0,10,0,0,0,0,100.0,1.4038317444319721
1747315461263,0.3404434430457357,-4.160486579254609,0.15937292452797025,0.0004049781644423521,-0.0016043648560022383,-0.000947050992722111,0,10,0,0,0,0,100.0,1.39038084378696
1747315461329,0.32470479969122046,-4.1661355767909045,0.18455363943784073,0.0004169504376642702,-0.0015187593068264338,-0.0008668122935456943,0,10,0,0,0,0,100.0,1.3915996444122658
1747315461363,0.3413365546805237,-4.154767296274448,0.17510489800028073,0.0004348818276648208,-0.0016234079331440832,-0.0009295423313243113,0,10,0,0,0,0,100.0,1.3948889396887671
1747315461429,0.34667480970519043,-4.165187360807033,0.18420838477037157,0.0004164989011721362,-0.001594816039839353,-0.0009924399852775094,0,10,0,0,0,0,100.0,1.396728265817169
1747315461463,0.33861961146482633,-4.140492886741826,0.2197798972235729,0.00050869955373347,-0.0015887282902478095,-0.0009193527022179452,0,10,0,0,0,0,100.0,1.400466229465822
1747315461529,0.32839085050608474,-4.164523355040896,0.1693060769935745,0.0003826786099764034,-0.0015526319216707662,-0.0009599397901645899,0,10,0,0,0,0,100.0,1.3917514090846164
1747315461563,0.3432589561957245,-4.166337617415453,0.18629661541511414,0.00040978095875641096,-0.0015416974825084306,-0.0009714790490142313,0,10,0,0,0,0,100.0,1.3944513596035257
1747315461629,0.3812024333808908,-4.145984806563077,0.20356680415998932,0.000487303299868142,-0.0018972316746797002,-0.001107844133740438,0,10,0,0,0,0,100.0,1.4040589800614374
1747315461663,0.33160531172954594,-4.159246198900143,0.16558727031095072,0.0004616798323268221,-0.0015331164698395572,-0.000961150746426878,0,10,0,0,0,0,100.0,1.3919481541095766
1747315461730,0.33222752343653067,-4.167506166308423,0.15904553634848145,0.00038061264161305317,-0.00149962144208593,-0.0009558949876131596,0,10,0,0,0,0,100.0,1.3939213645464725
1747315461763,0.3388370480190336,-4.168490066637382,0.18911377423403686,0.00045857688387492966,-0.0016004261179622947,-0.0009575531015307661,0,10,0,0,0,0,100.0,1.3941298228138819
1747315461830,0.3400875086775458,-4.159257674854269,0.19033775607657893,0.0004351465298298856,-0.001536135631380775,-0.0009772826043140418,0,10,0,0,0,0,100.0,1.3925272730794602
1747315461863,0.34347449755809784,-4.169753756089751,0.1629080893466353,0.000411634254799318,-0.0015839788977947133,-0.0009529245261571384,0,10,0,0,0,0,100.0,1.3913186954023795
1747315461930,0.3609740809473606,-4.162507098657168,0.16769815866679463,0.00042545116772148744,-0.001701441353097355,-0.0010744103191672513,0,10,0,0,0,0,100.0,1.3943000380876318
1747315461963,0.333735291774581,-4.1601652892510845,0.17533735067961018,0.0004138939600934624,-0.0015383068321557225,-0.0009485185902901527,0,10,0,0,0,0,100.0,1.393658982408996
1747315462030,0.3496502114362695,-4.171655546360508,0.17443511762420616,0.0003921458413038055,-0.0015641421035519354,-0.0010388487085054687,0,10,0,0,0,0,100.0,1.3965419586670593
1747315462063,0.32121792730361876,-4.154538559561513,0.18907867606152468,0.00042519678146502753,-0.0014932174989970015,-0.0008102793608917641,0,10,0,0,0,0,100.0,1.396770050911548
1747315462130,0.33743706185572264,-4.168572674101267,0.1705924421763946,0.0003946235992570722,-0.0015551247570899651,-0.001010620409339549,0,10,0,0,0,0,100.0,1.3920066006069023
1747315462163,0.3673626546390649,-4.157964544952591,0.16500970436996612,0.0003887901472983541,-0.001681830389897332,-0.0010482964348927832,0,10,0,0,0,0,100.0,1.4037120244466017
1747315462230,0.3320095664858541,-4.145715452428185,0.17172268109557262,0.00044544030254950587,-0.0015073988034224328,-0.0009302727149291879,0,10,0,0,0,0,100.0,1.3936196167957597
1747315462263,0.3240061332750239,-4.15819307911023,0.16216235583295555,0.0004404316670463897,-0.0015095594501390863,-0.0008885672175904605,0,10,0,0,0,0,100.0,1.391345418977753
1747315462330,0.33291399077208805,-4.156506166673987,0.19119890116123417,0.0004468556453105332,-0.0015270595717848945,-0.0009262188142039648,0,10,0,0,0,0,100.0,1.3945205803009069
1747315462364,0.33121170768614266,-4.161808991228314,0.1699439392592124,0.0004374761120586242,-0.001566289248913444,-0.0008988798142279636,0,10,0,0,0,0,100.0,1.3882554815710195
1747315462430,0.35280505335842277,-4.169817610479864,0.16565930050727107,0.0004341235955714495,-0.0016545086787536079,-0.0009864174576205333,0,10,0,0,0,0,100.0,1.396355265151
1747315462464,0.34362699608380987,-4.173968975710892,0.170937098761879,0.0004018309407962359,-0.001496091698752977,-0.0010016309349257396,0,10,0,0,0,0,100.0,1.392169248067722
1747315462630,0.3447021972734097,-4.169123769497928,0.16336075944251022,0.0004184906494056724,-0.0015969063986740473,-0.0009793510844384743,0,10,0,0,0,0,100.0,1.3884423571340483
1747315462697,0.3231591803398346,-4.155219400789545,0.16790012857612588,0.0004623613150421833,-0.0015336622594328553,-0.0008593739401728432,0,10,0,0,0,0,100.0,1.396869902972596
1747315462731,0.3496513363480279,-4.159899825426733,0.1906955445995184,0.00048606315571172884,-0.0016516874172975982,-0.0009926961037493695,0,10,0,0,0,0,100.0,1.396180334922574
1747315462764,0.3602668737734485,-4.147292042060557,0.17929317361777034,0.0004391796542027066,-0.001731793629999645,-0.0010178582648876942,0,10,0,0,0,0,100.0,1.3996818127362052
1747315462831,0.36858778669976117,-4.1583815488362665,0.2023490528154163,0.0004608129761504238,-0.001719613081004434,-0.0010861281888580158,0,10,0,0,0,0,100.0,1.3945270116529431
1747315462864,0.3435973534403834,-4.181183790652852,0.17582045489209613,0.00041046607696077153,-0.001644084126205092,-0.0009709808453793078,0,10,0,0,0,0,100.0,1.3943107587675185
1747315462931,0.3669715692216363,-4.156569732306621,0.16073115558292758,0.0004545184902557095,-0.001750280726866782,-0.001024630134774828,0,10,0,0,0,0,100.0,1.398686263355915
1747315462964,0.3266133090568926,-4.1650617425954355,0.18924732651632672,0.00044143260737977165,-0.0015445268845999394,-0.0009592291529074414,0,10,0,0,0,0,100.0,1.3911111319416234
1747315463031,0.3312615189273501,-4.140844173145426,0.1625676466664622,0.00043582849798915065,-0.001564287919862517,-0.0009072634784628067,0,10,0,0,0,0,100.0,1.396773755651161
1747315463064,0.34124402206259785,-4.179062422399547,0.17043286477153016,0.0004057475351642676,-0.001529815996888173,-0.0010006196177369867,0,10,0,0,0,0,100.0,1.3862392063899531
1747315463131,0.3327309323547081,-4.15273557485429,0.16654740915299066,0.00043703131647343513,-0.00154840830856795,-0.0008668409138576558,0,10,0,0,0,0,100.0,1.3938968142250943
1747315463165,0.35747959225357817,-4.150849809916607,0.19104895291335358,0.0004629200780142807,-0.0017092919847601085,-0.0009482282341631131,0,10,0,0,0,0,100.0,1.4035039757397203
1747315463231,0.3304334618289304,-4.147193716961258,0.17347775072417373,0.0004569777619772622,-0.001547547220009271,-0.0009162172853329996,0,10,0,0,0,0,100.0,1.3941326808596215
1747315463265,0.3374136701896843,-4.167768168654924,0.17362249313888015,0.00045205444703798163,-0.001516323061296676,-0.0010223228470534892,0,10,0,0,0,0,100.0,1.395113842922019
1747315463331,0.33599006845349,-4.145795515484537,0.18964687153424056,0.00046810913259666447,-0.001562344337518784,-0.0008998511191203532,0,10,0,0,0,0,100.0,1.392947382927351
1747315463365,0.3406662986341554,-4.149398151377905,0.18369143971554586,0.00046681279037270174,-0.0016601016155377568,-0.0008595431000540275,0,10,0,0,0,0,100.0,1.3962703887136563
1747315463431,0.33562058353962915,-4.148103447991087,0.15553615902782617,0.00044030534542008435,-0.0015818280135482254,-0.0009034810708652348,0,10,0,0,0,0,100.0,1.394749741235476
1747315463465,0.3223816528863487,-4.1686635972132065,0.154785318238764,0.0003831722365151778,-0.0014220120874559594,-0.0009311234548896618,0,10,0,0,0,0,100.0,1.3852992386376572
1747315463531,0.3532014622998526,-4.156564161302368,0.16868574061961727,0.0004292296325489971,-0.0015713056575159534,-0.001045131072375347,0,10,0,0,0,0,100.0,1.3979277971138457
1747315463565,0.3565167984297734,-4.164300229691612,0.19258433759065147,0.0004591968207981189,-0.001719212095202538,-0.0009948659497366096,0,10,0,0,0,0,100.0,1.3955499758197738
1747315463631,0.3418871759128454,-4.163305708762081,0.16942309734330785,0.00047041360661401063,-0.0015284543729854327,-0.001010396425347217,0,10,0,0,0,0,100.0,1.3896378783384877
1747315463699,0.35308018938552505,-4.186383210547425,0.1500967213163646,0.0003535883750223836,-0.0015821777732472064,-0.0010619717017764717,0,10,0,0,0,0,100.0,1.3912444274465952
1747315463732,0.3240244414302383,-4.153569428779286,0.16531965336607923,0.00043224564763572065,-0.001421695347289642,-0.0009221739402645412,0,10,0,0,0,0,100.0,1.3888344539551503
1747315463798,0.32430042357927097,-4.163518471585002,0.17770880818769033,0.0004337220346846967,-0.001554352883804233,-0.0008786516728509469,0,10,0,0,0,0,100.0,1.394834634547155
1747315463832,0.3538773845052463,-4.15820346800617,0.18071985842492275,0.00042994407048347315,-0.0016760680369127812,-0.0009784104374538642,0,10,0,0,0,0,100.0,1.3982778861653133
1747315463865,0.35584601790401454,-4.165175012368372,0.17496613864348629,0.00039766881178883933,-0.0016704170160095622,-0.0009894719172650374,0,10,0,0,0,0,100.0,1.3930295494949778
1747315463932,0.3648765896325618,-4.140228790789247,0.17728020047736795,0.00048210033004756497,-0.0018194850724067013,-0.001004629914386599,0,10,0,0,0,0,100.0,1.402709018669236
1747315463966,0.3351563010899244,-4.148846293127913,0.1670026160018684,0.0004489353054413981,-0.0014483142225498735,-0.0009787450084407026,0,10,0,0,0,0,100.0,1.3912980003809718
1747315464032,0.34382860057411163,-4.160687569165524,0.17382414548658826,0.0004066934339200075,-0.0015721910538288864,-0.0009950514180019534,0,10,0,0,0,0,100.0,1.398308882346438
1747315464099,0.3468378408697011,-4.161021288618146,0.196011240440127,0.00046543311420945967,-0.0017132708395066754,-0.0009283893000702772,0,10,0,0,0,0,100.0,1.4023214169749285
1747315464132,0.3464244139770915,-4.157741227718694,0.1775475522888289,0.00043171657085220574,-0.0016563324950613634,-0.0010055385872730078,0,10,0,0,0,0,100.0,1.3908943481369176
1747315464199,0.3320271859598143,-4.159636099575503,0.12040178801321276,0.00035640597564327734,-0.001459867901652201,-0.0009453548620315371,0,10,0,0,0,0,100.0,1.3883846792788859
1747315464232,0.3323182738177472,-4.13383307338404,0.16737281742786775,0.00047789397439573073,-0.0015696383240855205,-0.0008932871408969943,0,10,0,0,0,0,100.0,1.3962748083566172
1747315464299,0.347390355333557,-4.143489784846094,0.17348213919301933,0.0004488016238230224,-0.0016202500240827256,-0.0009827802271402666,0,10,0,0,0,0,100.0,1.3959286531953312
1747315464332,0.347758712610973,-4.15782672699882,0.1822150485473154,0.0004244073575131607,-0.001632249227675464,-0.0009502043833280018,0,10,0,0,0,0,100.0,1.3977473798583628
1747315464399,0.3336429497010315,-4.171589556807064,0.18494188670734527,0.0004136707377917859,-0.0016051158065881754,-0.0008972127342573026,0,10,0,0,0,0,100.0,1.3924225364099068
1747315464432,0.36179687152839357,-4.177868059477798,0.1585323553317208,0.00037516789664048493,-0.001718337055310215,-0.001025973630857921,0,10,0,0,0,0,100.0,1.3978390682610888
1747315464499,0.34893680611123185,-4.15558621320707,0.1629118817674544,0.0004394115821709879,-0.0016200739764089533,-0.000980008950718679,0,10,0,0,0,0,100.0,1.3943484123332732
1747315464532,0.34153741034398655,-4.174692030724924,0.1612278239385798,0.00043892227956260696,-0.0015208126008414702,-0.000988344726027868,0,10,0,0,0,0,100.0,1.3891434174030381
1747315464599,0.34068184837863585,-4.153894953650719,0.16230316431586003,0.00040608775526620403,-0.001565785608704795,-0.000958197229469607,0,10,0,0,0,0,100.0,1.3884363148306487
1747315464633,0.3721066790767667,-4.168484031072651,0.17694619042753454,0.0004133175905473578,-0.0017353711101522062,-0.0010423680150243796,0,10,0,0,0,0,100.0,1.3990179082298784
1747315464699,0.34951247294158116,-4.1619115342341235,0.14245887718839684,0.00040388852382397495,-0.0016223363141603109,-0.0009671047340457527,0,10,0,0,0,0,100.0,1.390981276174228
1747315464733,0.3467371949732716,-4.159053072314849,0.1696348634013263,0.00040270861260760884,-0.0016604941863580525,-0.0009333097628726639,0,10,0,0,0,0,100.0,1.39826878565263
1747315464799,0.371545317979816,-4.15520940144144,0.1830876471895302,0.00050746317840749,-0.0018300637283801269,-0.0010657887055636737,0,10,0,0,0,0,100.0,1.3926753855161262
1747315464833,0.3541027905332498,-4.164048460954122,0.1682858310005949,0.00042669231050593493,-0.0016218841061410583,-0.0010430174656267438,0,10,0,0,0,0,100.0,1.3949538176171048
1747315464899,0.3412225138470588,-4.168991983800156,0.19727070752327946,0.00043312107150842805,-0.0016340977505386878,-0.0009027932976938569,0,10,0,0,0,0,100.0,1.3955506780114817
1747315464933,0.3451764090932761,-4.148045696664953,0.15700647590861547,0.0004664172017654084,-0.0016509855000905738,-0.000921102517668004,0,10,0,0,0,0,100.0,1.3939250136941983
1747315465000,0.3332086610154495,-4.1460931587635566,0.18046408122276905,0.000505601188796711,-0.001541926785255665,-0.0009361489829507266,0,10,0,0,0,0,100.0,1.3944386658258225
1747315465033,0.3531259832218984,-4.150302991241621,0.18375473363646708,0.0004987542698654697,-0.0016281596436473755,-0.0009763606717402345,0,10,0,0,0,0,100.0,1.3962954905398768
1747315465133,0.3395245422767833,-4.148226466538222,0.20345569867631397,0.0004926101782336215,-0.0016102633679664358,-0.0009209287917237409,0,10,0,0,0,0,100.0,1.3966304857968121
1747315465167,0.339070316712133,-4.160753160352915,0.15795722849289914,0.00039685130506175546,-0.0015990893121740068,-0.0009095895343037828,0,10,0,0,0,0,100.0,1.3893305519751842
1747315465233,0.3265469923878999,-4.170953812693533,0.127517455560897,0.0003444043162339054,-0.0014829828926035127,-0.0008880700756393352,0,10,0,0,0,0,100.0,1.3948023531411538
1747315465266,0.3558884173124953,-4.171939358883097,0.1590394622697274,0.0003964124768291815,-0.0015955096170163774,-0.0010178165076251192,0,10,0,0,0,0,100.0,1.3914021917626398
1747315465334,0.35908838676405364,-4.180317062389553,0.1655449755084306,0.00038023815443311975,-0.001655303190462032,-0.0010550834150757386,0,10,0,0,0,0,100.0,1.398333102441594
1747315465366,0.3428800654618449,-4.150697150257614,0.18482697439819515,0.0004663084036869013,-0.0016158384570985618,-0.0009422423135699951,0,10,0,0,0,0,100.0,1.3893365952001266
1747315465433,0.3428197078160438,-4.160926934003561,0.1755039564319613,0.00044613651187323854,-0.0016099048963538198,-0.0009264939278872917,0,10,0,0,0,0,100.0,1.3970913450223126
1747315465467,0.3526994393837329,-4.16173112348087,0.16129607992308376,0.0004349752994096017,-0.0016470252179854317,-0.0010070209726999475,0,10,0,0,0,0,100.0,1.3982505403990455
1747315465533,0.3221502306701053,-4.145714253408475,0.1621577145176803,0.00046653768908461743,-0.0014407940183382983,-0.0009429332692269545,0,10,0,0,0,0,100.0,1.39150368680099
1747315465600,0.348622057621954,-4.143147356879564,0.17148326509491585,0.000468460926412409,-0.0016511100596015016,-0.000901379741977822,0,10,0,0,0,0,100.0,1.3961279046917219
1747315465634,0.37106594328397213,-4.160770806856179,0.21004383701001567,0.0004438099790256874,-0.0018652587925465092,-0.001090168033522204,0,10,0,0,0,0,100.0,1.394044406663409
1747315465701,0.3496525895572591,-4.1704331925822595,0.15028138140412764,0.00039415110733099763,-0.0015918340277230048,-0.0010232822677491613,0,10,0,0,0,0,100.0,1.3919378588377225
1747315465734,0.35717398317632076,-4.154582129208743,0.16220679703526752,0.00044761467556379803,-0.001578379108936101,-0.0010179169681785295,0,10,0,0,0,0,100.0,1.3946326810866099
1747315465800,0.32911915014255105,-4.1494316697673685,0.15971141994248214,0.000393673901933272,-0.001485719514106476,-0.0009560407982233789,0,10,0,0,0,0,100.0,1.396213346437865
1747315465867,0.3600786273755193,-4.159773032892139,0.16923080575242086,0.00041071443356391314,-0.0016037575080436461,-0.0010695672395774356,0,10,0,0,0,0,100.0,1.3944879133994192
1747315465900,0.3492361884491458,-4.16119757603306,0.16272919293826577,0.00039853957419568357,-0.0015905541573768556,-0.0009664295618937486,0,10,0,0,0,0,100.0,1.3848292267627729
1747315465967,0.33927908426511977,-4.166773968270196,0.15570576613882686,0.00038014579440974694,-0.0015496674830921542,-0.0009699292386003817,0,10,0,0,0,0,100.0,1.3951153573522104
1747315466034,0.3409605095555559,-4.153732019567504,0.16762353195896387,0.0004290113408379567,-0.0015813347507576125,-0.0009846753481529465,0,10,0,0,0,0,100.0,1.3913757893265473
1747315466067,0.3326445625759086,-4.175686484572671,0.17645678847534058,0.0004217032599540715,-0.0015606620609269761,-0.0009428246545122006,0,10,0,0,0,0,100.0,1.391071959710702
1747315466101,0.33466705426217375,-4.155997416022025,0.17649829310699255,0.00044514673044561686,-0.0015951124841695474,-0.0008944774410430768,0,10,0,0,0,0,100.0,1.3938146620024716
1747315466167,0.34367097256482343,-4.1532457997008665,0.1622539296484945,0.00045131520844373914,-0.0015342619538756264,-0.0009582597960898808,0,10,0,0,0,0,100.0,1.3929038632453894
1747315466201,0.32976230180985217,-4.157470044115735,0.15172349182022343,0.0004117561444248222,-0.0015709382427855356,-0.0009128846226281228,0,10,0,0,0,0,100.0,1.3890980483677564
1747315466268,0.33631893994141193,-4.158547859886727,0.16857834166707542,0.000442716773636843,-0.001540215631057995,-0.0009393011282572553,0,10,0,0,0,0,100.0,1.3948013851074004
1747315466301,0.33966350073267043,-4.147494154388316,0.17274450508074932,0.00046958611313705596,-0.0015822264597444846,-0.0009092539697870844,0,10,0,0,0,0,100.0,1.3923301863205872
